open_time,close_time,open_time_utc,close_time_utc,symbol,interval,open,high,low,close,volume,trade_count
1767844800000,1767859199999,2026-01-08T04:00:00+00:00,2026-01-08T07:59:59.999000+00:00,@265,4h,65.258,65.258,65.258,65.258,0.07,1
1767859200000,1767873599999,2026-01-08T08:00:00+00:00,2026-01-08T11:59:59.999000+00:00,@265,4h,65.258,65.258,65.258,65.258,0.0,0
1767873600000,1767887999999,2026-01-08T12:00:00+00:00,2026-01-08T15:59:59.999000+00:00,@265,4h,65.258,65.258,65.258,65.258,0.0,0
1767888000000,1767902399999,2026-01-08T16:00:00+00:00,2026-01-08T19:59:59.999000+00:00,@265,4h,65.258,65.258,65.258,65.258,0.0,0
1767902400000,1767916799999,2026-01-08T20:00:00+00:00,2026-01-08T23:59:59.999000+00:00,@265,4h,65.258,65.258,65.258,65.258,0.0,0
1767916800000,1767931199999,2026-01-09T00:00:00+00:00,2026-01-09T03:59:59.999000+00:00,@265,4h,65.258,65.258,65.258,65.258,0.0,0
1767931200000,1767945599999,2026-01-09T04:00:00+00:00,2026-01-09T07:59:59.999000+00:00,@265,4h,65.258,65.258,65.258,65.258,0.0,0
1767945600000,1767959999999,2026-01-09T08:00:00+00:00,2026-01-09T11:59:59.999000+00:00,@265,4h,65.258,65.258,65.258,65.258,0.0,0
1767960000000,1767974399999,2026-01-09T12:00:00+00:00,2026-01-09T15:59:59.999000+00:00,@265,4h,65.258,65.258,65.258,65.258,0.0,0
1767974400000,1767988799999,2026-01-09T16:00:00+00:00,2026-01-09T19:59:59.999000+00:00,@265,4h,65.258,65.258,65.258,65.258,0.0,0
1767988800000,1768003199999,2026-01-09T20:00:00+00:00,2026-01-09T23:59:59.999000+00:00,@265,4h,65.258,65.258,65.258,65.258,0.0,0
1768003200000,1768017599999,2026-01-10T00:00:00+00:00,2026-01-10T03:59:59.999000+00:00,@265,4h,65.258,65.258,65.258,65.258,0.0,0
1768017600000,1768031999999,2026-01-10T04:00:00+00:00,2026-01-10T07:59:59.999000+00:00,@265,4h,65.258,65.258,65.258,65.258,0.0,0
1768032000000,1768046399999,2026-01-10T08:00:00+00:00,2026-01-10T11:59:59.999000+00:00,@265,4h,65.258,65.258,65.258,65.258,0.0,0
1768046400000,1768060799999,2026-01-10T12:00:00+00:00,2026-01-10T15:59:59.999000+00:00,@265,4h,65.258,65.258,65.258,65.258,0.0,0
1768060800000,1768075199999,2026-01-10T16:00:00+00:00,2026-01-10T19:59:59.999000+00:00,@265,4h,65.258,65.258,65.258,65.258,0.0,0
1768075200000,1768089599999,2026-01-10T20:00:00+00:00,2026-01-10T23:59:59.999000+00:00,@265,4h,65.258,65.258,65.258,65.258,0.0,0
1768089600000,1768103999999,2026-01-11T00:00:00+00:00,2026-01-11T03:59:59.999000+00:00,@265,4h,65.258,65.258,65.258,65.258,0.0,0
1768104000000,1768118399999,2026-01-11T04:00:00+00:00,2026-01-11T07:59:59.999000+00:00,@265,4h,65.258,65.258,65.258,65.258,0.0,0
1768118400000,1768132799999,2026-01-11T08:00:00+00:00,2026-01-11T11:59:59.999000+00:00,@265,4h,65.258,65.258,65.258,65.258,0.0,0
1768132800000,1768147199999,2026-01-11T12:00:00+00:00,2026-01-11T15:59:59.999000+00:00,@265,4h,65.258,65.258,65.258,65.258,0.0,0
1768147200000,1768161599999,2026-01-11T16:00:00+00:00,2026-01-11T19:59:59.999000+00:00,@265,4h,65.258,65.258,65.258,65.258,0.0,0
1768161600000,1768175999999,2026-01-11T20:00:00+00:00,2026-01-11T23:59:59.999000+00:00,@265,4h,65.258,65.258,65.258,65.258,0.0,0
1768176000000,1768190399999,2026-01-12T00:00:00+00:00,2026-01-12T03:59:59.999000+00:00,@265,4h,65.258,65.258,65.258,65.258,0.0,0
1768190400000,1768204799999,2026-01-12T04:00:00+00:00,2026-01-12T07:59:59.999000+00:00,@265,4h,65.258,65.258,65.258,65.258,0.0,0
1768204800000,1768219199999,2026-01-12T08:00:00+00:00,2026-01-12T11:59:59.999000+00:00,@265,4h,65.258,65.258,65.258,65.258,0.0,0
1768219200000,1768233599999,2026-01-12T12:00:00+00:00,2026-01-12T15:59:59.999000+00:00,@265,4h,65.258,65.258,65.258,65.258,0.0,0
1768233600000,1768247999999,2026-01-12T16:00:00+00:00,2026-01-12T19:59:59.999000+00:00,@265,4h,65.258,65.258,65.258,65.258,0.0,0
1768248000000,1768262399999,2026-01-12T20:00:00+00:00,2026-01-12T23:59:59.999000+00:00,@265,4h,65.258,65.258,65.258,65.258,0.0,0
1768262400000,1768276799999,2026-01-13T00:00:00+00:00,2026-01-13T03:59:59.999000+00:00,@265,4h,65.258,65.258,65.258,65.258,0.0,0
1768276800000,1768291199999,2026-01-13T04:00:00+00:00,2026-01-13T07:59:59.999000+00:00,@265,4h,65.258,65.258,65.258,65.258,0.0,0
1768291200000,1768305599999,2026-01-13T08:00:00+00:00,2026-01-13T11:59:59.999000+00:00,@265,4h,65.258,65.258,65.258,65.258,0.0,0
1768305600000,1768319999999,2026-01-13T12:00:00+00:00,2026-01-13T15:59:59.999000+00:00,@265,4h,65.258,65.258,65.258,65.258,0.0,0
1768320000000,1768334399999,2026-01-13T16:00:00+00:00,2026-01-13T19:59:59.999000+00:00,@265,4h,65.258,65.258,65.258,65.258,0.0,0
1768334400000,1768348799999,2026-01-13T20:00:00+00:00,2026-01-13T23:59:59.999000+00:00,@265,4h,65.258,65.258,65.258,65.258,0.0,0
1768348800000,1768363199999,2026-01-14T00:00:00+00:00,2026-01-14T03:59:59.999000+00:00,@265,4h,65.258,65.258,65.258,65.258,0.0,0
1768363200000,1768377599999,2026-01-14T04:00:00+00:00,2026-01-14T07:59:59.999000+00:00,@265,4h,65.258,65.258,65.258,65.258,0.0,0
1768377600000,1768391999999,2026-01-14T08:00:00+00:00,2026-01-14T11:59:59.999000+00:00,@265,4h,65.258,65.258,65.258,65.258,0.0,0
1768392000000,1768406399999,2026-01-14T12:00:00+00:00,2026-01-14T15:59:59.999000+00:00,@265,4h,65.258,65.258,65.258,65.258,0.0,0
1768406400000,1768420799999,2026-01-14T16:00:00+00:00,2026-01-14T19:59:59.999000+00:00,@265,4h,65.258,65.258,65.258,65.258,0.0,0
1768420800000,1768435199999,2026-01-14T20:00:00+00:00,2026-01-14T23:59:59.999000+00:00,@265,4h,65.258,65.258,65.258,65.258,0.0,0
1768435200000,1768449599999,2026-01-15T00:00:00+00:00,2026-01-15T03:59:59.999000+00:00,@265,4h,65.258,65.258,65.258,65.258,0.0,0
1768449600000,1768463999999,2026-01-15T04:00:00+00:00,2026-01-15T07:59:59.999000+00:00,@265,4h,65.258,65.258,65.258,65.258,0.0,0
1768464000000,1768478399999,2026-01-15T08:00:00+00:00,2026-01-15T11:59:59.999000+00:00,@265,4h,65.258,65.258,65.258,65.258,0.0,0
1768478400000,1768492799999,2026-01-15T12:00:00+00:00,2026-01-15T15:59:59.999000+00:00,@265,4h,65.258,65.258,65.258,65.258,0.0,0
1768492800000,1768507199999,2026-01-15T16:00:00+00:00,2026-01-15T19:59:59.999000+00:00,@265,4h,65.258,65.258,65.258,65.258,0.0,0
1768507200000,1768521599999,2026-01-15T20:00:00+00:00,2026-01-15T23:59:59.999000+00:00,@265,4h,65.258,65.258,65.258,65.258,0.0,0
1768521600000,1768535999999,2026-01-16T00:00:00+00:00,2026-01-16T03:59:59.999000+00:00,@265,4h,65.258,65.258,65.258,65.258,0.0,0
1768536000000,1768550399999,2026-01-16T04:00:00+00:00,2026-01-16T07:59:59.999000+00:00,@265,4h,65.258,65.258,65.258,65.258,0.0,0
1768550400000,1768564799999,2026-01-16T08:00:00+00:00,2026-01-16T11:59:59.999000+00:00,@265,4h,65.258,65.258,65.258,65.258,0.0,0
1768564800000,1768579199999,2026-01-16T12:00:00+00:00,2026-01-16T15:59:59.999000+00:00,@265,4h,65.258,65.258,65.258,65.258,0.0,0
1768579200000,1768593599999,2026-01-16T16:00:00+00:00,2026-01-16T19:59:59.999000+00:00,@265,4h,65.258,65.258,65.258,65.258,0.0,0
1768593600000,1768607999999,2026-01-16T20:00:00+00:00,2026-01-16T23:59:59.999000+00:00,@265,4h,65.258,65.258,65.258,65.258,0.0,0
1768608000000,1768622399999,2026-01-17T00:00:00+00:00,2026-01-17T03:59:59.999000+00:00,@265,4h,65.258,65.258,65.258,65.258,0.0,0
1768622400000,1768636799999,2026-01-17T04:00:00+00:00,2026-01-17T07:59:59.999000+00:00,@265,4h,65.258,65.258,65.258,65.258,0.0,0
1768636800000,1768651199999,2026-01-17T08:00:00+00:00,2026-01-17T11:59:59.999000+00:00,@265,4h,65.258,65.258,65.258,65.258,0.0,0
1768651200000,1768665599999,2026-01-17T12:00:00+00:00,2026-01-17T15:59:59.999000+00:00,@265,4h,65.258,65.258,65.258,65.258,0.0,0
1768665600000,1768679999999,2026-01-17T16:00:00+00:00,2026-01-17T19:59:59.999000+00:00,@265,4h,65.258,65.258,65.258,65.258,0.0,0
1768680000000,1768694399999,2026-01-17T20:00:00+00:00,2026-01-17T23:59:59.999000+00:00,@265,4h,65.258,65.258,65.258,65.258,0.0,0
1768694400000,1768708799999,2026-01-18T00:00:00+00:00,2026-01-18T03:59:59.999000+00:00,@265,4h,65.258,65.258,65.258,65.258,0.0,0
1768708800000,1768723199999,2026-01-18T04:00:00+00:00,2026-01-18T07:59:59.999000+00:00,@265,4h,65.258,65.258,65.258,65.258,0.0,0
1768723200000,1768737599999,2026-01-18T08:00:00+00:00,2026-01-18T11:59:59.999000+00:00,@265,4h,65.258,65.258,65.258,65.258,0.0,0
1768737600000,1768751999999,2026-01-18T12:00:00+00:00,2026-01-18T15:59:59.999000+00:00,@265,4h,65.258,65.258,65.258,65.258,0.0,0
1768752000000,1768766399999,2026-01-18T16:00:00+00:00,2026-01-18T19:59:59.999000+00:00,@265,4h,65.258,65.258,65.258,65.258,0.0,0
1768766400000,1768780799999,2026-01-18T20:00:00+00:00,2026-01-18T23:59:59.999000+00:00,@265,4h,65.258,65.258,65.258,65.258,0.0,0
1768780800000,1768795199999,2026-01-19T00:00:00+00:00,2026-01-19T03:59:59.999000+00:00,@265,4h,65.258,65.258,65.258,65.258,0.0,0
1768795200000,1768809599999,2026-01-19T04:00:00+00:00,2026-01-19T07:59:59.999000+00:00,@265,4h,65.258,65.258,65.258,65.258,0.0,0
1768809600000,1768823999999,2026-01-19T08:00:00+00:00,2026-01-19T11:59:59.999000+00:00,@265,4h,65.258,65.258,65.258,65.258,0.0,0
1768824000000,1768838399999,2026-01-19T12:00:00+00:00,2026-01-19T15:59:59.999000+00:00,@265,4h,65.258,65.258,65.258,65.258,0.0,0
1768838400000,1768852799999,2026-01-19T16:00:00+00:00,2026-01-19T19:59:59.999000+00:00,@265,4h,65.258,65.258,65.258,65.258,0.0,0
1768852800000,1768867199999,2026-01-19T20:00:00+00:00,2026-01-19T23:59:59.999000+00:00,@265,4h,65.258,65.258,65.258,65.258,0.0,0
1768867200000,1768881599999,2026-01-20T00:00:00+00:00,2026-01-20T03:59:59.999000+00:00,@265,4h,65.258,65.258,65.258,65.258,0.0,0
1768881600000,1768895999999,2026-01-20T04:00:00+00:00,2026-01-20T07:59:59.999000+00:00,@265,4h,65.258,65.258,65.258,65.258,0.0,0
1768896000000,1768910399999,2026-01-20T08:00:00+00:00,2026-01-20T11:59:59.999000+00:00,@265,4h,65.258,65.258,65.258,65.258,0.0,0
1768910400000,1768924799999,2026-01-20T12:00:00+00:00,2026-01-20T15:59:59.999000+00:00,@265,4h,65.258,65.258,65.258,65.258,0.0,0
1768924800000,1768939199999,2026-01-20T16:00:00+00:00,2026-01-20T19:59:59.999000+00:00,@265,4h,65.258,65.258,65.258,65.258,0.0,0
1768939200000,1768953599999,2026-01-20T20:00:00+00:00,2026-01-20T23:59:59.999000+00:00,@265,4h,65.258,65.258,65.258,65.258,0.0,0
1768953600000,1768967999999,2026-01-21T00:00:00+00:00,2026-01-21T03:59:59.999000+00:00,@265,4h,65.258,65.258,65.258,65.258,0.0,0
1768968000000,1768982399999,2026-01-21T04:00:00+00:00,2026-01-21T07:59:59.999000+00:00,@265,4h,65.258,65.258,65.258,65.258,0.0,0
1768982400000,1768996799999,2026-01-21T08:00:00+00:00,2026-01-21T11:59:59.999000+00:00,@265,4h,65.258,65.258,65.258,65.258,0.0,0
1768996800000,1769011199999,2026-01-21T12:00:00+00:00,2026-01-21T15:59:59.999000+00:00,@265,4h,65.258,65.258,65.258,65.258,0.0,0
1769011200000,1769025599999,2026-01-21T16:00:00+00:00,2026-01-21T19:59:59.999000+00:00,@265,4h,65.258,65.258,65.258,65.258,0.0,0
1769025600000,1769039999999,2026-01-21T20:00:00+00:00,2026-01-21T23:59:59.999000+00:00,@265,4h,65.258,65.258,65.258,65.258,0.0,0
1769040000000,1769054399999,2026-01-22T00:00:00+00:00,2026-01-22T03:59:59.999000+00:00,@265,4h,65.258,65.258,65.258,65.258,0.0,0
1769054400000,1769068799999,2026-01-22T04:00:00+00:00,2026-01-22T07:59:59.999000+00:00,@265,4h,65.258,65.258,65.258,65.258,0.0,0
1769068800000,1769083199999,2026-01-22T08:00:00+00:00,2026-01-22T11:59:59.999000+00:00,@265,4h,65.258,65.258,65.258,65.258,0.0,0
1769083200000,1769097599999,2026-01-22T12:00:00+00:00,2026-01-22T15:59:59.999000+00:00,@265,4h,65.258,65.258,65.258,65.258,0.0,0
1769097600000,1769111999999,2026-01-22T16:00:00+00:00,2026-01-22T19:59:59.999000+00:00,@265,4h,65.258,65.258,65.258,65.258,0.0,0
1769112000000,1769126399999,2026-01-22T20:00:00+00:00,2026-01-22T23:59:59.999000+00:00,@265,4h,65.258,65.258,65.258,65.258,0.0,0
1769126400000,1769140799999,2026-01-23T00:00:00+00:00,2026-01-23T03:59:59.999000+00:00,@265,4h,65.258,65.258,65.258,65.258,0.0,0
1769140800000,1769155199999,2026-01-23T04:00:00+00:00,2026-01-23T07:59:59.999000+00:00,@265,4h,65.258,65.258,65.258,65.258,0.0,0
1769155200000,1769169599999,2026-01-23T08:00:00+00:00,2026-01-23T11:59:59.999000+00:00,@265,4h,65.258,65.258,65.258,65.258,0.0,0
1769169600000,1769183999999,2026-01-23T12:00:00+00:00,2026-01-23T15:59:59.999000+00:00,@265,4h,65.258,65.258,65.258,65.258,0.0,0
1769184000000,1769198399999,2026-01-23T16:00:00+00:00,2026-01-23T19:59:59.999000+00:00,@265,4h,65.258,65.258,65.258,65.258,0.0,0
1769198400000,1769212799999,2026-01-23T20:00:00+00:00,2026-01-23T23:59:59.999000+00:00,@265,4h,65.258,65.258,65.258,65.258,0.0,0
1769212800000,1769227199999,2026-01-24T00:00:00+00:00,2026-01-24T03:59:59.999000+00:00,@265,4h,65.258,65.258,65.258,65.258,0.0,0
1769227200000,1769241599999,2026-01-24T04:00:00+00:00,2026-01-24T07:59:59.999000+00:00,@265,4h,65.258,65.258,65.258,65.258,0.0,0
1769241600000,1769255999999,2026-01-24T08:00:00+00:00,2026-01-24T11:59:59.999000+00:00,@265,4h,65.258,65.258,65.258,65.258,0.0,0
1769256000000,1769270399999,2026-01-24T12:00:00+00:00,2026-01-24T15:59:59.999000+00:00,@265,4h,65.258,65.258,65.258,65.258,0.0,0
1769270400000,1769284799999,2026-01-24T16:00:00+00:00,2026-01-24T19:59:59.999000+00:00,@265,4h,65.258,65.258,65.258,65.258,0.0,0
1769284800000,1769299199999,2026-01-24T20:00:00+00:00,2026-01-24T23:59:59.999000+00:00,@265,4h,65.258,65.258,65.258,65.258,0.0,0
1769299200000,1769313599999,2026-01-25T00:00:00+00:00,2026-01-25T03:59:59.999000+00:00,@265,4h,65.258,65.258,65.258,65.258,0.0,0
1769313600000,1769327999999,2026-01-25T04:00:00+00:00,2026-01-25T07:59:59.999000+00:00,@265,4h,65.258,65.258,65.258,65.258,0.0,0
1769328000000,1769342399999,2026-01-25T08:00:00+00:00,2026-01-25T11:59:59.999000+00:00,@265,4h,65.258,65.258,65.258,65.258,0.0,0
1769342400000,1769356799999,2026-01-25T12:00:00+00:00,2026-01-25T15:59:59.999000+00:00,@265,4h,65.258,65.258,65.258,65.258,0.0,0
1769356800000,1769371199999,2026-01-25T16:00:00+00:00,2026-01-25T19:59:59.999000+00:00,@265,4h,65.258,65.258,65.258,65.258,0.0,0
1769371200000,1769385599999,2026-01-25T20:00:00+00:00,2026-01-25T23:59:59.999000+00:00,@265,4h,65.258,65.258,65.258,65.258,0.0,0
1769385600000,1769399999999,2026-01-26T00:00:00+00:00,2026-01-26T03:59:59.999000+00:00,@265,4h,65.258,65.258,65.258,65.258,0.0,0
1769400000000,1769414399999,2026-01-26T04:00:00+00:00,2026-01-26T07:59:59.999000+00:00,@265,4h,65.258,65.258,65.258,65.258,0.0,0
1769414400000,1769428799999,2026-01-26T08:00:00+00:00,2026-01-26T11:59:59.999000+00:00,@265,4h,65.258,65.258,65.258,65.258,0.0,0
1769428800000,1769443199999,2026-01-26T12:00:00+00:00,2026-01-26T15:59:59.999000+00:00,@265,4h,99.798,100.88,99.798,100.88,2.81,9
1769443200000,1769457599999,2026-01-26T16:00:00+00:00,2026-01-26T19:59:59.999000+00:00,@265,4h,100.88,105.88,99.002,99.002,20.55,84
1769457600000,1769471999999,2026-01-26T20:00:00+00:00,2026-01-26T23:59:59.999000+00:00,@265,4h,99.002,99.002,99.002,99.002,0.0,0
1769472000000,1769486399999,2026-01-27T00:00:00+00:00,2026-01-27T03:59:59.999000+00:00,@265,4h,99.681,100.27,99.002,99.002,4.25,16
1769486400000,1769500799999,2026-01-27T04:00:00+00:00,2026-01-27T07:59:59.999000+00:00,@265,4h,99.002,101.87,99.002,101.87,5.39,18
1769500800000,1769515199999,2026-01-27T08:00:00+00:00,2026-01-27T11:59:59.999000+00:00,@265,4h,101.69,101.82,100.66,101.19,5.74,24
1769515200000,1769529599999,2026-01-27T12:00:00+00:00,2026-01-27T15:59:59.999000+00:00,@265,4h,101.81,101.82,96.316,98.017,12.78,53
1769529600000,1769543999999,2026-01-27T16:00:00+00:00,2026-01-27T19:59:59.999000+00:00,@265,4h,98.017,98.523,96.859,98.009,6.6,22
1769544000000,1769558399999,2026-01-27T20:00:00+00:00,2026-01-27T23:59:59.999000+00:00,@265,4h,98.523,101.3,98.523,101.3,7.13,26
1769558400000,1769572799999,2026-01-28T00:00:00+00:00,2026-01-28T03:59:59.999000+00:00,@265,4h,101.29,105.56,101.29,104.21,52.48,23
1769572800000,1769587199999,2026-01-28T04:00:00+00:00,2026-01-28T07:59:59.999000+00:00,@265,4h,104.22,104.22,103.62,103.62,1.18,5
1769587200000,1769601599999,2026-01-28T08:00:00+00:00,2026-01-28T11:59:59.999000+00:00,@265,4h,103.62,103.62,101.47,101.47,3.87,15
1769601600000,1769615999999,2026-01-28T12:00:00+00:00,2026-01-28T15:59:59.999000+00:00,@265,4h,102.29,104.03,102.03,102.03,7.06,26
1769616000000,1769630399999,2026-01-28T16:00:00+00:00,2026-01-28T19:59:59.999000+00:00,@265,4h,102.89,103.46,100.92,102.92,8.22,35
1769630400000,1769644799999,2026-01-28T20:00:00+00:00,2026-01-28T23:59:59.999000+00:00,@265,4h,102.92,107.56,102.92,106.73,8.75,37
1769644800000,1769659199999,2026-01-29T00:00:00+00:00,2026-01-29T03:59:59.999000+00:00,@265,4h,106.11,106.95,106.11,106.95,2.82,8
1769659200000,1769673599999,2026-01-29T04:00:00+00:00,2026-01-29T07:59:59.999000+00:00,@265,4h,106.95,108.73,106.94,107.3,4.08,15
1769673600000,1769687999999,2026-01-29T08:00:00+00:00,2026-01-29T11:59:59.999000+00:00,@265,4h,107.3,107.3,105.5,106.88,4.88,19
1769688000000,1769702399999,2026-01-29T12:00:00+00:00,2026-01-29T15:59:59.999000+00:00,@265,4h,106.88,109.34,97.667,100.0,51.18,172
1769702400000,1769716799999,2026-01-29T16:00:00+00:00,2026-01-29T19:59:59.999000+00:00,@265,4h,100.49,105.13,100.49,102.93,25.41,78
1769716800000,1769731199999,2026-01-29T20:00:00+00:00,2026-01-29T23:59:59.999000+00:00,@265,4h,102.56,106.3,102.56,106.3,9.19,32
1769731200000,1769745599999,2026-01-30T00:00:00+00:00,2026-01-30T03:59:59.999000+00:00,@265,4h,106.85,106.85,98.962,100.09,29.76,111
1769745600000,1769759999999,2026-01-30T04:00:00+00:00,2026-01-30T07:59:59.999000+00:00,@265,4h,99.791,100.94,95.609,96.624,15.03,63
1769760000000,1769774399999,2026-01-30T08:00:00+00:00,2026-01-30T11:59:59.999000+00:00,@265,4h,96.311,96.351,87.278,93.403,168.61,317
1769774400000,1769788799999,2026-01-30T12:00:00+00:00,2026-01-30T15:59:59.999000+00:00,@265,4h,93.403,93.714,88.888,89.51,382.22,465
1769788800000,1769803199999,2026-01-30T16:00:00+00:00,2026-01-30T19:59:59.999000+00:00,@265,4h,89.51,89.51,70.844,78.905,1098.36,975
1769803200000,1769817599999,2026-01-30T20:00:00+00:00,2026-01-30T23:59:59.999000+00:00,@265,4h,78.905,81.754,74.14,77.672,1415.6,1051
1769817600000,1769831999999,2026-01-31T00:00:00+00:00,2026-01-31T03:59:59.999000+00:00,@265,4h,77.3,78.643,76.5,78.135,844.72,746
1769832000000,1769846399999,2026-01-31T04:00:00+00:00,2026-01-31T07:59:59.999000+00:00,@265,4h,78.134,78.276,76.24,77.876,258.36,271
1769846400000,1769860799999,2026-01-31T08:00:00+00:00,2026-01-31T11:59:59.999000+00:00,@265,4h,78.13,79.792,78.129,78.408,83.93,83
1769860800000,1769875199999,2026-01-31T12:00:00+00:00,2026-01-31T15:59:59.999000+00:00,@265,4h,78.408,78.408,77.862,78.36,8.77,13
1769875200000,1769889599999,2026-01-31T16:00:00+00:00,2026-01-31T19:59:59.999000+00:00,@265,4h,77.862,77.862,76.476,76.476,35.28,34
1769889600000,1769903999999,2026-01-31T20:00:00+00:00,2026-01-31T23:59:59.999000+00:00,@265,4h,76.476,76.476,75.455,75.455,17.25,24
1769904000000,1769918399999,2026-02-01T00:00:00+00:00,2026-02-01T03:59:59.999000+00:00,@265,4h,75.455,76.991,75.455,76.487,410.04,41
1769918400000,1769932799999,2026-02-01T04:00:00+00:00,2026-02-01T07:59:59.999000+00:00,@265,4h,76.487,76.487,76.487,76.487,0.0,0
1769932800000,1769947199999,2026-02-01T08:00:00+00:00,2026-02-01T11:59:59.999000+00:00,@265,4h,76.487,76.487,76.487,76.487,5.57,4
1769947200000,1769961599999,2026-02-01T12:00:00+00:00,2026-02-01T15:59:59.999000+00:00,@265,4h,76.213,76.213,75.21,75.21,29.81,16
1769961600000,1769975999999,2026-02-01T16:00:00+00:00,2026-02-01T19:59:59.999000+00:00,@265,4h,75.274,76.138,75.274,75.614,548.96,37
1769976000000,1769990399999,2026-02-01T20:00:00+00:00,2026-02-01T23:59:59.999000+00:00,@265,4h,75.464,75.885,73.119,74.282,976.34,763
1769990400000,1770004799999,2026-02-02T00:00:00+00:00,2026-02-02T03:59:59.999000+00:00,@265,4h,74.053,80.092,69.256,69.256,1340.2,813
1770004800000,1770019199999,2026-02-02T04:00:00+00:00,2026-02-02T07:59:59.999000+00:00,@265,4h,69.256,72.559,65.433,69.67,299.41,369
1770019200000,1770033599999,2026-02-02T08:00:00+00:00,2026-02-02T11:59:59.999000+00:00,@265,4h,69.453,75.826,68.756,75.203,168.17,342
1770033600000,1770047999999,2026-02-02T12:00:00+00:00,2026-02-02T15:59:59.999000+00:00,@265,4h,75.203,76.091,68.966,68.966,257.96,522
1770048000000,1770062399999,2026-02-02T16:00:00+00:00,2026-02-02T19:59:59.999000+00:00,@265,4h,69.002,73.781,69.002,73.495,1183.53,397
1770062400000,1770076799999,2026-02-02T20:00:00+00:00,2026-02-02T23:59:59.999000+00:00,@265,4h,73.205,74.57,71.944,74.57,43.6,89
1770076800000,1770091199999,2026-02-03T00:00:00+00:00,2026-02-03T03:59:59.999000+00:00,@265,4h,74.528,77.11,73.854,74.923,76.19,140
1770091200000,1770105599999,2026-02-03T04:00:00+00:00,2026-02-03T07:59:59.999000+00:00,@265,4h,75.315,79.2,75.179,78.72,80.49,109
1770105600000,1770119999999,2026-02-03T08:00:00+00:00,2026-02-03T11:59:59.999000+00:00,@265,4h,78.72,79.435,77.975,78.045,30.83,78
1770120000000,1770134399999,2026-02-03T12:00:00+00:00,2026-02-03T15:59:59.999000+00:00,@265,4h,78.22,80.679,78.22,79.919,141.17,128
1770134400000,1770148799999,2026-02-03T16:00:00+00:00,2026-02-03T19:59:59.999000+00:00,@265,4h,80.162,80.432,75.163,76.582,247.24,345
1770148800000,1770163199999,2026-02-03T20:00:00+00:00,2026-02-03T23:59:59.999000+00:00,@265,4h,76.175,77.428,74.361,76.63,140.0,158
1770163200000,1770177599999,2026-02-04T00:00:00+00:00,2026-02-04T03:59:59.999000+00:00,@265,4h,76.63,79.573,76.63,79.362,115.27,119
1770177600000,1770191999999,2026-02-04T04:00:00+00:00,2026-02-04T07:59:59.999000+00:00,@265,4h,79.362,81.86,79.267,81.571,40.99,79
1770192000000,1770206399999,2026-02-04T08:00:00+00:00,2026-02-04T11:59:59.999000+00:00,@265,4h,81.57,81.861,79.955,81.857,103.95,117
1770206400000,1770220799999,2026-02-04T12:00:00+00:00,2026-02-04T15:59:59.999000+00:00,@265,4h,81.857,82.953,78.678,79.006,133.53,213
1770220800000,1770235199999,2026-02-04T16:00:00+00:00,2026-02-04T19:59:59.999000+00:00,@265,4h,78.718,78.9,76.137,78.9,195.27,234
1770235200000,1770249599999,2026-02-04T20:00:00+00:00,2026-02-04T23:59:59.999000+00:00,@265,4h,78.494,81.208,77.412,81.208,29.25,57
1770249600000,1770263999999,2026-02-05T00:00:00+00:00,2026-02-05T03:59:59.999000+00:00,@265,4h,81.006,81.501,67.517,69.475,272.53,454
1770264000000,1770278399999,2026-02-05T04:00:00+00:00,2026-02-05T07:59:59.999000+00:00,@265,4h,69.945,72.624,68.047,72.1,85.66,209
1770278400000,1770292799999,2026-02-05T08:00:00+00:00,2026-02-05T11:59:59.999000+00:00,@265,4h,72.624,72.853,70.86,71.134,29.24,54
1770292800000,1770307199999,2026-02-05T12:00:00+00:00,2026-02-05T15:59:59.999000+00:00,@265,4h,71.134,71.134,65.772,67.048,156.28,258
1770307200000,1770321599999,2026-02-05T16:00:00+00:00,2026-02-05T19:59:59.999000+00:00,@265,4h,67.048,70.204,67.048,67.798,170.55,208
1770321600000,1770335999999,2026-02-05T20:00:00+00:00,2026-02-05T23:59:59.999000+00:00,@265,4h,67.798,67.839,61.144,61.335,246.84,237
1770336000000,1770350399999,2026-02-06T00:00:00+00:00,2026-02-06T03:59:59.999000+00:00,@265,4h,61.335,66.035,58.57,65.559,145.03,252
1770350400000,1770364799999,2026-02-06T04:00:00+00:00,2026-02-06T07:59:59.999000+00:00,@265,4h,65.802,67.838,65.644,65.644,35.33,65
1770364800000,1770379199999,2026-02-06T08:00:00+00:00,2026-02-06T11:59:59.999000+00:00,@265,4h,65.644,67.838,65.136,67.838,246.66,96
1770379200000,1770393599999,2026-02-06T12:00:00+00:00,2026-02-06T15:59:59.999000+00:00,@265,4h,67.394,69.763,66.986,68.793,52.15,92
1770393600000,1770407999999,2026-02-06T16:00:00+00:00,2026-02-06T19:59:59.999000+00:00,@265,4h,68.572,70.469,68.304,70.469,14.09,23
1770408000000,1770422399999,2026-02-06T20:00:00+00:00,2026-02-06T23:59:59.999000+00:00,@265,4h,69.783,70.469,69.783,70.469,2.9,4
1770422400000,1770436799999,2026-02-07T00:00:00+00:00,2026-02-07T03:59:59.999000+00:00,@265,4h,70.469,70.469,70.469,70.469,0.0,0
1770436800000,1770451199999,2026-02-07T04:00:00+00:00,2026-02-07T07:59:59.999000+00:00,@265,4h,69.783,69.783,69.522,69.522,2.33,6
1770451200000,1770465599999,2026-02-07T08:00:00+00:00,2026-02-07T11:59:59.999000+00:00,@265,4h,69.522,69.522,69.522,69.522,0.0,0
1770465600000,1770479999999,2026-02-07T12:00:00+00:00,2026-02-07T15:59:59.999000+00:00,@265,4h,69.522,69.522,69.522,69.522,0.0,0
1770480000000,1770494399999,2026-02-07T16:00:00+00:00,2026-02-07T19:59:59.999000+00:00,@265,4h,69.953,70.715,69.953,70.715,4.35,5
1770494400000,1770508799999,2026-02-07T20:00:00+00:00,2026-02-07T23:59:59.999000+00:00,@265,4h,70.715,70.715,70.715,70.715,0.0,0
1770508800000,1770523199999,2026-02-08T00:00:00+00:00,2026-02-08T03:59:59.999000+00:00,@265,4h,70.715,70.715,70.252,70.252,3.8,3
1770523200000,1770537599999,2026-02-08T04:00:00+00:00,2026-02-08T07:59:59.999000+00:00,@265,4h,70.252,70.252,70.252,70.252,0.0,0
1770537600000,1770551999999,2026-02-08T08:00:00+00:00,2026-02-08T11:59:59.999000+00:00,@265,4h,70.252,70.252,70.252,70.252,0.0,0
1770552000000,1770566399999,2026-02-08T12:00:00+00:00,2026-02-08T15:59:59.999000+00:00,@265,4h,70.252,70.252,70.252,70.252,0.0,0
1770566400000,1770580799999,2026-02-08T16:00:00+00:00,2026-02-08T19:59:59.999000+00:00,@265,4h,70.715,70.715,70.715,70.715,0.22,1
1770580800000,1770595199999,2026-02-08T20:00:00+00:00,2026-02-08T23:59:59.999000+00:00,@265,4h,70.715,71.195,70.715,71.195,3.16,7
1770595200000,1770609599999,2026-02-09T00:00:00+00:00,2026-02-09T03:59:59.999000+00:00,@265,4h,71.195,73.58,71.195,73.58,71.68,96
1770609600000,1770623999999,2026-02-09T04:00:00+00:00,2026-02-09T07:59:59.999000+00:00,@265,4h,73.58,74.125,72.93,72.93,12.06,25
1770624000000,1770638399999,2026-02-09T08:00:00+00:00,2026-02-09T11:59:59.999000+00:00,@265,4h,73.165,74.125,71.297,72.222,73.2,74
1770638400000,1770652799999,2026-02-09T12:00:00+00:00,2026-02-09T15:59:59.999000+00:00,@265,4h,72.495,74.357,71.842,74.357,29.13,54
1770652800000,1770667199999,2026-02-09T16:00:00+00:00,2026-02-09T19:59:59.999000+00:00,@265,4h,74.637,75.421,74.569,75.421,13.61,21
1770667200000,1770681599999,2026-02-09T20:00:00+00:00,2026-02-09T23:59:59.999000+00:00,@265,4h,75.421,75.925,73.639,74.318,18.66,42
1770681600000,1770695999999,2026-02-10T00:00:00+00:00,2026-02-10T03:59:59.999000+00:00,@265,4h,74.318,74.851,73.639,73.639,19.37,45
1770696000000,1770710399999,2026-02-10T04:00:00+00:00,2026-02-10T07:59:59.999000+00:00,@265,4h,73.719,74.09,73.719,74.09,1.95,5
1770710400000,1770724799999,2026-02-10T08:00:00+00:00,2026-02-10T11:59:59.999000+00:00,@265,4h,74.09,74.758,74.09,74.148,12.25,20
1770724800000,1770739199999,2026-02-10T12:00:00+00:00,2026-02-10T15:59:59.999000+00:00,@265,4h,74.148,74.958,73.14,73.255,36.01,52
1770739200000,1770753599999,2026-02-10T16:00:00+00:00,2026-02-10T19:59:59.999000+00:00,@265,4h,73.141,73.482,72.853,73.108,9.56,17
1770753600000,1770767999999,2026-02-10T20:00:00+00:00,2026-02-10T23:59:59.999000+00:00,@265,4h,73.482,73.768,73.482,73.768,1.18,2
1770768000000,1770782399999,2026-02-11T00:00:00+00:00,2026-02-11T03:59:59.999000+00:00,@265,4h,73.768,74.545,73.768,74.545,7.14,17
1770782400000,1770796799999,2026-02-11T04:00:00+00:00,2026-02-11T07:59:59.999000+00:00,@265,4h,74.835,75.925,74.835,75.925,9.43,18
1770796800000,1770811199999,2026-02-11T08:00:00+00:00,2026-02-11T11:59:59.999000+00:00,@265,4h,75.925,77.908,75.925,77.908,13.46,22
1770811200000,1770825599999,2026-02-11T12:00:00+00:00,2026-02-11T15:59:59.999000+00:00,@265,4h,77.303,77.39,75.007,75.188,139.05,79
1770825600000,1770839999999,2026-02-11T16:00:00+00:00,2026-02-11T19:59:59.999000+00:00,@265,4h,75.473,76.6,75.473,76.392,22.37,35
1770840000000,1770854399999,2026-02-11T20:00:00+00:00,2026-02-11T23:59:59.999000+00:00,@265,4h,76.118,76.522,75.575,75.575,9.6,24
1770854400000,1770868799999,2026-02-12T00:00:00+00:00,2026-02-12T03:59:59.999000+00:00,@265,4h,75.285,75.701,74.446,75.701,14.06,29
1770868800000,1770883199999,2026-02-12T04:00:00+00:00,2026-02-12T07:59:59.999000+00:00,@265,4h,75.955,75.955,75.271,75.414,5.97,13
1770883200000,1770897599999,2026-02-12T08:00:00+00:00,2026-02-12T11:59:59.999000+00:00,@265,4h,75.414,75.715,75.414,75.715,3.1,9
1770897600000,1770911999999,2026-02-12T12:00:00+00:00,2026-02-12T15:59:59.999000+00:00,@265,4h,75.31,75.461,74.67,74.894,12.95,28
1770912000000,1770926399999,2026-02-12T16:00:00+00:00,2026-02-12T19:59:59.999000+00:00,@265,4h,74.74,74.74,67.781,68.712,112.67,218
1770926400000,1770940799999,2026-02-12T20:00:00+00:00,2026-02-12T23:59:59.999000+00:00,@265,4h,68.701,68.701,67.334,67.701,20.05,46
1770940800000,1770955199999,2026-02-13T00:00:00+00:00,2026-02-13T03:59:59.999000+00:00,@265,4h,68.191,69.639,68.049,69.639,20.07,42
1770955200000,1770969599999,2026-02-13T04:00:00+00:00,2026-02-13T07:59:59.999000+00:00,@265,4h,69.639,70.665,69.639,70.665,3.02,9
1770969600000,1770983999999,2026-02-13T08:00:00+00:00,2026-02-13T11:59:59.999000+00:00,@265,4h,70.681,71.667,69.758,69.758,21.37,43
1770984000000,1770998399999,2026-02-13T12:00:00+00:00,2026-02-13T15:59:59.999000+00:00,@265,4h,70.348,71.937,69.278,70.19,42.25,71
1770998400000,1771012799999,2026-02-13T16:00:00+00:00,2026-02-13T19:59:59.999000+00:00,@265,4h,70.19,70.19,70.19,70.19,0.0,0
1771012800000,1771027199999,2026-02-13T20:00:00+00:00,2026-02-13T23:59:59.999000+00:00,@265,4h,69.958,69.958,69.746,69.746,3.94,9
1771027200000,1771041599999,2026-02-14T00:00:00+00:00,2026-02-14T03:59:59.999000+00:00,@265,4h,69.883,69.883,69.883,69.883,0.01,1
1771041600000,1771055999999,2026-02-14T04:00:00+00:00,2026-02-14T07:59:59.999000+00:00,@265,4h,69.883,69.883,69.883,69.883,0.0,0
1771056000000,1771070399999,2026-02-14T08:00:00+00:00,2026-02-14T11:59:59.999000+00:00,@265,4h,70.493,70.493,70.493,70.493,3.82,1
1771070400000,1771084799999,2026-02-14T12:00:00+00:00,2026-02-14T15:59:59.999000+00:00,@265,4h,69.746,69.746,69.675,69.675,3.09,2
1771084800000,1771099199999,2026-02-14T16:00:00+00:00,2026-02-14T19:59:59.999000+00:00,@265,4h,70.274,70.274,70.274,70.274,2.05,1
1771099200000,1771113599999,2026-02-14T20:00:00+00:00,2026-02-14T23:59:59.999000+00:00,@265,4h,70.274,70.274,70.274,70.274,0.0,0
1771113600000,1771127999999,2026-02-15T00:00:00+00:00,2026-02-15T03:59:59.999000+00:00,@265,4h,70.274,70.274,70.274,70.274,0.0,0
1771128000000,1771142399999,2026-02-15T04:00:00+00:00,2026-02-15T07:59:59.999000+00:00,@265,4h,70.274,70.274,70.274,70.274,0.0,0
1771142400000,1771156799999,2026-02-15T08:00:00+00:00,2026-02-15T11:59:59.999000+00:00,@265,4h,69.508,69.508,69.439,69.439,2.05,2
1771156800000,1771171199999,2026-02-15T12:00:00+00:00,2026-02-15T15:59:59.999000+00:00,@265,4h,70.028,70.111,70.028,70.111,3.29,2
1771171200000,1771185599999,2026-02-15T16:00:00+00:00,2026-02-15T19:59:59.999000+00:00,@265,4h,70.111,70.111,70.111,70.111,0.0,0
1771185600000,1771199999999,2026-02-15T20:00:00+00:00,2026-02-15T23:59:59.999000+00:00,@265,4h,69.533,69.533,68.776,68.776,5.86,10
1771200000000,1771214399999,2026-02-16T00:00:00+00:00,2026-02-16T03:59:59.999000+00:00,@265,4h,69.575,69.575,68.307,68.307,5.97,13
1771214400000,1771228799999,2026-02-16T04:00:00+00:00,2026-02-16T07:59:59.999000+00:00,@265,4h,68.864,69.094,68.544,68.544,5.61,9
1771228800000,1771243199999,2026-02-16T08:00:00+00:00,2026-02-16T11:59:59.999000+00:00,@265,4h,68.544,68.544,68.544,68.544,0.0,0
1771243200000,1771257599999,2026-02-16T12:00:00+00:00,2026-02-16T15:59:59.999000+00:00,@265,4h,68.951,68.951,68.951,68.951,1.74,1
1771257600000,1771271999999,2026-02-16T16:00:00+00:00,2026-02-16T19:59:59.999000+00:00,@265,4h,69.309,69.309,68.755,68.755,0.84,3
1771272000000,1771286399999,2026-02-16T20:00:00+00:00,2026-02-16T23:59:59.999000+00:00,@265,4h,68.595,68.595,68.595,68.595,1.0,1
1771286400000,1771300799999,2026-02-17T00:00:00+00:00,2026-02-17T03:59:59.999000+00:00,@265,4h,68.585,69.112,66.401,68.031,36.0,62
1771300800000,1771315199999,2026-02-17T04:00:00+00:00,2026-02-17T07:59:59.999000+00:00,@265,4h,68.031,68.031,66.154,67.692,23.2,43
1771315200000,1771329599999,2026-02-17T08:00:00+00:00,2026-02-17T11:59:59.999000+00:00,@265,4h,67.692,67.917,66.822,66.822,6.92,11
1771329600000,1771343999999,2026-02-17T12:00:00+00:00,2026-02-17T15:59:59.999000+00:00,@265,4h,67.646,67.9,65.174,66.216,37.07,60
1771344000000,1771358399999,2026-02-17T16:00:00+00:00,2026-02-17T19:59:59.999000+00:00,@265,4h,66.216,66.698,65.612,66.698,13.24,23
1771358400000,1771372799999,2026-02-17T20:00:00+00:00,2026-02-17T23:59:59.999000+00:00,@265,4h,66.081,66.081,65.879,65.879,4.03,6
1771372800000,1771387199999,2026-02-18T00:00:00+00:00,2026-02-18T03:59:59.999000+00:00,@265,4h,66.468,67.644,66.468,67.644,11.24,15
1771387200000,1771401599999,2026-02-18T04:00:00+00:00,2026-02-18T07:59:59.999000+00:00,@265,4h,67.644,68.881,67.644,68.881,9.61,16
1771401600000,1771415999999,2026-02-18T08:00:00+00:00,2026-02-18T11:59:59.999000+00:00,@265,4h,68.881,68.881,68.881,68.881,0.9,2
1771416000000,1771430399999,2026-02-18T12:00:00+00:00,2026-02-18T15:59:59.999000+00:00,@265,4h,68.881,70.529,68.881,70.529,8.91,20
1771430400000,1771444799999,2026-02-18T16:00:00+00:00,2026-02-18T19:59:59.999000+00:00,@265,4h,70.529,70.767,69.365,69.365,7.25,11
1771444800000,1771459199999,2026-02-18T20:00:00+00:00,2026-02-18T23:59:59.999000+00:00,@265,4h,69.969,69.969,69.969,69.969,1.88,3
1771459200000,1771473599999,2026-02-19T00:00:00+00:00,2026-02-19T03:59:59.999000+00:00,@265,4h,69.969,70.233,69.969,70.233,2.01,5
1771473600000,1771487999999,2026-02-19T04:00:00+00:00,2026-02-19T07:59:59.999000+00:00,@265,4h,70.488,71.502,70.488,71.502,8.78,16
1771488000000,1771502399999,2026-02-19T08:00:00+00:00,2026-02-19T11:59:59.999000+00:00,@265,4h,70.823,70.823,70.362,70.362,6.09,9
1771502400000,1771516799999,2026-02-19T12:00:00+00:00,2026-02-19T15:59:59.999000+00:00,@265,4h,70.106,71.274,70.106,71.274,15.56,12
1771516800000,1771531199999,2026-02-19T16:00:00+00:00,2026-02-19T19:59:59.999000+00:00,@265,4h,70.612,70.612,70.353,70.353,3.49,5
1771531200000,1771545599999,2026-02-19T20:00:00+00:00,2026-02-19T23:59:59.999000+00:00,@265,4h,70.353,70.353,70.353,70.353,0.0,0
1771545600000,1771559999999,2026-02-20T00:00:00+00:00,2026-02-20T03:59:59.999000+00:00,@265,4h,71.24,71.24,70.536,70.536,0.37,4
1771560000000,1771574399999,2026-02-20T04:00:00+00:00,2026-02-20T07:59:59.999000+00:00,@265,4h,71.24,71.502,71.24,71.502,1.84,4
1771574400000,1771588799999,2026-02-20T08:00:00+00:00,2026-02-20T11:59:59.999000+00:00,@265,4h,71.502,73.13,71.502,73.13,14.5,27
1771588800000,1771603199999,2026-02-20T12:00:00+00:00,2026-02-20T15:59:59.999000+00:00,@265,4h,73.13,74.392,72.636,74.392,27.63,42
1771603200000,1771617599999,2026-02-20T16:00:00+00:00,2026-02-20T19:59:59.999000+00:00,@265,4h,74.392,74.932,74.392,74.932,4.43,7
1771617600000,1771631999999,2026-02-20T20:00:00+00:00,2026-02-20T23:59:59.999000+00:00,@265,4h,75.198,76.558,75.198,76.558,11.48,23
1771632000000,1771646399999,2026-02-21T00:00:00+00:00,2026-02-21T03:59:59.999000+00:00,@265,4h,76.558,76.789,76.104,76.104,3.86,6
1771646400000,1771660799999,2026-02-21T04:00:00+00:00,2026-02-21T07:59:59.999000+00:00,@265,4h,76.104,76.104,76.104,76.104,0.0,0
1771660800000,1771675199999,2026-02-21T08:00:00+00:00,2026-02-21T11:59:59.999000+00:00,@265,4h,76.104,76.104,76.104,76.104,0.0,0
1771675200000,1771689599999,2026-02-21T12:00:00+00:00,2026-02-21T15:59:59.999000+00:00,@265,4h,76.104,76.104,76.104,76.104,0.0,0
1771689600000,1771703999999,2026-02-21T16:00:00+00:00,2026-02-21T19:59:59.999000+00:00,@265,4h,76.104,76.104,76.104,76.104,0.0,0
1771704000000,1771718399999,2026-02-21T20:00:00+00:00,2026-02-21T23:59:59.999000+00:00,@265,4h,76.804,76.804,76.804,76.804,0.6,3
1771718400000,1771732799999,2026-02-22T00:00:00+00:00,2026-02-22T03:59:59.999000+00:00,@265,4h,75.961,76.804,75.961,76.804,1.45,5
1771732800000,1771747199999,2026-02-22T04:00:00+00:00,2026-02-22T07:59:59.999000+00:00,@265,4h,76.804,76.804,76.804,76.804,0.0,0
1771747200000,1771761599999,2026-02-22T08:00:00+00:00,2026-02-22T11:59:59.999000+00:00,@265,4h,76.804,76.804,76.804,76.804,0.0,0
1771761600000,1771775999999,2026-02-22T12:00:00+00:00,2026-02-22T15:59:59.999000+00:00,@265,4h,76.804,76.804,76.804,76.804,0.0,0
1771776000000,1771790399999,2026-02-22T16:00:00+00:00,2026-02-22T19:59:59.999000+00:00,@265,4h,76.804,77.342,76.804,77.342,3.4,7
1771790400000,1771804799999,2026-02-22T20:00:00+00:00,2026-02-22T23:59:59.999000+00:00,@265,4h,76.962,78.483,76.962,78.483,8.74,21
1771804800000,1771819199999,2026-02-23T00:00:00+00:00,2026-02-23T03:59:59.999000+00:00,@265,4h,78.778,79.038,78.778,79.038,3.83,8
1771819200000,1771833599999,2026-02-23T04:00:00+00:00,2026-02-23T07:59:59.999000+00:00,@265,4h,77.964,77.964,77.387,77.387,5.79,12
1771833600000,1771847999999,2026-02-23T08:00:00+00:00,2026-02-23T11:59:59.999000+00:00,@265,4h,77.573,78.499,77.573,78.499,2.25,6
1771848000000,1771862399999,2026-02-23T12:00:00+00:00,2026-02-23T15:59:59.999000+00:00,@265,4h,78.764,79.321,78.553,78.553,6.57,15
1771862400000,1771876799999,2026-02-23T16:00:00+00:00,2026-02-23T19:59:59.999000+00:00,@265,4h,78.254,79.296,77.944,79.296,6.24,12
1771876800000,1771891199999,2026-02-23T20:00:00+00:00,2026-02-23T23:59:59.999000+00:00,@265,4h,79.296,80.19,79.296,80.19,6.75,15
1771891200000,1771905599999,2026-02-24T00:00:00+00:00,2026-02-24T03:59:59.999000+00:00,@265,4h,79.254,79.254,77.101,77.101,16.8,41
1771905600000,1771919999999,2026-02-24T04:00:00+00:00,2026-02-24T07:59:59.999000+00:00,@265,4h,78.965,79.915,78.427,78.672,10.24,25
1771920000000,1771934399999,2026-02-24T08:00:00+00:00,2026-02-24T11:59:59.999000+00:00,@265,4h,78.672,78.672,78.672,78.672,0.0,0
1771934400000,1771948799999,2026-02-24T12:00:00+00:00,2026-02-24T15:59:59.999000+00:00,@265,4h,78.961,79.288,77.626,78.295,20.75,46
1771948800000,1771963199999,2026-02-24T16:00:00+00:00,2026-02-24T19:59:59.999000+00:00,@265,4h,79.288,79.571,79.288,79.571,1.83,4
1771963200000,1771977599999,2026-02-24T20:00:00+00:00,2026-02-24T23:59:59.999000+00:00,@265,4h,78.602,78.602,78.295,78.295,3.13,4
1771977600000,1771991999999,2026-02-25T00:00:00+00:00,2026-02-25T03:59:59.999000+00:00,@265,4h,78.016,81.057,78.016,81.057,12.45,30
1771992000000,1772006399999,2026-02-25T04:00:00+00:00,2026-02-25T07:59:59.999000+00:00,@265,4h,81.057,82.451,81.057,82.451,8.55,15
1772006400000,1772020799999,2026-02-25T08:00:00+00:00,2026-02-25T11:59:59.999000+00:00,@265,4h,82.373,82.373,81.017,81.017,3.73,5
1772020800000,1772035199999,2026-02-25T12:00:00+00:00,2026-02-25T15:59:59.999000+00:00,@265,4h,81.017,81.017,81.017,81.017,0.0,0
1772035200000,1772049599999,2026-02-25T16:00:00+00:00,2026-02-25T19:59:59.999000+00:00,@265,4h,82.164,82.164,82.164,82.164,1.67,3
1772049600000,1772063999999,2026-02-25T20:00:00+00:00,2026-02-25T23:59:59.999000+00:00,@265,4h,81.017,81.017,79.902,79.902,10.44,22
1772064000000,1772078399999,2026-02-26T00:00:00+00:00,2026-02-26T03:59:59.999000+00:00,@265,4h,80.781,81.335,79.915,79.915,8.63,15
1772078400000,1772092799999,2026-02-26T04:00:00+00:00,2026-02-26T07:59:59.999000+00:00,@265,4h,81.0,81.088,80.532,80.532,3.5,4
1772092800000,1772107199999,2026-02-26T08:00:00+00:00,2026-02-26T11:59:59.999000+00:00,@265,4h,80.043,80.043,78.716,79.371,17.84,29
1772107200000,1772121599999,2026-02-26T12:00:00+00:00,2026-02-26T15:59:59.999000+00:00,@265,4h,78.958,78.958,77.83,78.838,30.27,58
1772121600000,1772135999999,2026-02-26T16:00:00+00:00,2026-02-26T19:59:59.999000+00:00,@265,4h,78.838,79.631,78.838,79.631,4.06,7
1772136000000,1772150399999,2026-02-26T20:00:00+00:00,2026-02-26T23:59:59.999000+00:00,@265,4h,79.631,80.17,79.631,80.17,3.87,8
1772150400000,1772164799999,2026-02-27T00:00:00+00:00,2026-02-27T03:59:59.999000+00:00,@265,4h,80.17,81.28,80.17,80.852,10.7,18
1772164800000,1772179199999,2026-02-27T04:00:00+00:00,2026-02-27T07:59:59.999000+00:00,@265,4h,81.27,81.565,81.27,81.565,3.42,7
1772179200000,1772193599999,2026-02-27T08:00:00+00:00,2026-02-27T11:59:59.999000+00:00,@265,4h,81.113,81.113,80.852,81.055,4.84,9
1772193600000,1772207999999,2026-02-27T12:00:00+00:00,2026-02-27T15:59:59.999000+00:00,@265,4h,81.055,84.479,81.055,84.479,49.98,65
1772208000000,1772222399999,2026-02-27T16:00:00+00:00,2026-02-27T19:59:59.999000+00:00,@265,4h,84.479,84.814,83.755,83.873,5.42,8
1772222400000,1772236799999,2026-02-27T20:00:00+00:00,2026-02-27T23:59:59.999000+00:00,@265,4h,84.477,84.477,84.477,84.477,1.88,3
1772236800000,1772251199999,2026-02-28T00:00:00+00:00,2026-02-28T03:59:59.999000+00:00,@265,4h,84.477,85.104,84.477,85.104,1.88,4
1772251200000,1772265599999,2026-02-28T04:00:00+00:00,2026-02-28T07:59:59.999000+00:00,@265,4h,85.104,87.86,85.104,86.732,22.34,42
1772265600000,1772279999999,2026-02-28T08:00:00+00:00,2026-02-28T11:59:59.999000+00:00,@265,4h,87.588,89.447,87.588,89.447,12.6,26
1772280000000,1772294399999,2026-02-28T12:00:00+00:00,2026-02-28T15:59:59.999000+00:00,@265,4h,89.447,90.188,87.013,88.013,112.03,87
1772294400000,1772308799999,2026-02-28T16:00:00+00:00,2026-02-28T19:59:59.999000+00:00,@265,4h,88.999,89.888,88.295,88.295,15.27,32
1772308800000,1772323199999,2026-02-28T20:00:00+00:00,2026-02-28T23:59:59.999000+00:00,@265,4h,88.295,88.901,87.696,88.283,10.8,19
1772323200000,1772337599999,2026-03-01T00:00:00+00:00,2026-03-01T03:59:59.999000+00:00,@265,4h,88.283,88.616,86.471,87.63,25.26,55
1772337600000,1772351999999,2026-03-01T04:00:00+00:00,2026-03-01T07:59:59.999000+00:00,@265,4h,87.63,88.2,87.372,87.372,9.01,30
1772352000000,1772366399999,2026-03-01T08:00:00+00:00,2026-03-01T11:59:59.999000+00:00,@265,4h,88.249,89.519,88.249,88.594,12.24,29
1772366400000,1772380799999,2026-03-01T12:00:00+00:00,2026-03-01T15:59:59.999000+00:00,@265,4h,88.594,91.724,88.594,90.782,45.34,110
1772380800000,1772395199999,2026-03-01T16:00:00+00:00,2026-03-01T19:59:59.999000+00:00,@265,4h,89.826,89.826,88.901,88.901,6.49,15
1772395200000,1772409599999,2026-03-01T20:00:00+00:00,2026-03-01T23:59:59.999000+00:00,@265,4h,88.901,90.445,87.372,89.186,70.04,128
1772409600000,1772423999999,2026-03-02T00:00:00+00:00,2026-03-02T03:59:59.999000+00:00,@265,4h,89.186,90.114,83.755,84.294,89.38,124
1772424000000,1772438399999,2026-03-02T04:00:00+00:00,2026-03-02T07:59:59.999000+00:00,@265,4h,85.201,86.65,85.201,86.65,10.65,21
1772438400000,1772452799999,2026-03-02T08:00:00+00:00,2026-03-02T11:59:59.999000+00:00,@265,4h,86.118,86.984,83.765,85.771,44.06,51
1772452800000,1772467199999,2026-03-02T12:00:00+00:00,2026-03-02T15:59:59.999000+00:00,@265,4h,85.495,85.495,80.825,80.825,88.57,107
1772467200000,1772481599999,2026-03-02T16:00:00+00:00,2026-03-02T19:59:59.999000+00:00,@265,4h,80.526,80.941,78.869,80.941,36.06,57
1772481600000,1772495999999,2026-03-02T20:00:00+00:00,2026-03-02T23:59:59.999000+00:00,@265,4h,80.941,81.767,80.941,80.995,9.99,14
1772496000000,1772510399999,2026-03-03T00:00:00+00:00,2026-03-03T03:59:59.999000+00:00,@265,4h,81.769,82.37,80.46,81.731,20.36,36
1772510400000,1772524799999,2026-03-03T04:00:00+00:00,2026-03-03T07:59:59.999000+00:00,@265,4h,81.413,81.413,76.123,79.115,61.38,119
1772524800000,1772539199999,2026-03-03T08:00:00+00:00,2026-03-03T11:59:59.999000+00:00,@265,4h,79.115,79.115,71.497,73.734,90.38,155
1772539200000,1772553599999,2026-03-03T12:00:00+00:00,2026-03-03T15:59:59.999000+00:00,@265,4h,73.734,75.247,72.181,74.527,71.57,158
1772553600000,1772567999999,2026-03-03T16:00:00+00:00,2026-03-03T19:59:59.999000+00:00,@265,4h,74.757,75.824,74.427,75.576,40.45,82
1772568000000,1772582399999,2026-03-03T20:00:00+00:00,2026-03-03T23:59:59.999000+00:00,@265,4h,75.195,75.195,74.656,74.656,4.42,10
1772582400000,1772596799999,2026-03-04T00:00:00+00:00,2026-03-04T03:59:59.999000+00:00,@265,4h,75.347,77.447,74.94,76.636,35.81,68
1772596800000,1772611199999,2026-03-04T04:00:00+00:00,2026-03-04T07:59:59.999000+00:00,@265,4h,76.943,76.943,76.279,76.279,2.94,5
1772611200000,1772625599999,2026-03-04T08:00:00+00:00,2026-03-04T11:59:59.999000+00:00,@265,4h,76.943,77.955,76.943,77.831,8.15,24
1772625600000,1772639999999,2026-03-04T12:00:00+00:00,2026-03-04T15:59:59.999000+00:00,@265,4h,77.955,78.221,75.757,76.363,30.54,57
1772640000000,1772654399999,2026-03-04T16:00:00+00:00,2026-03-04T19:59:59.999000+00:00,@265,4h,75.793,76.311,74.94,75.636,9.95,22
1772654400000,1772668799999,2026-03-04T20:00:00+00:00,2026-03-04T23:59:59.999000+00:00,@265,4h,75.636,75.88,75.636,75.88,3.86,6
1772668800000,1772683199999,2026-03-05T00:00:00+00:00,2026-03-05T03:59:59.999000+00:00,@265,4h,76.13,77.131,76.13,77.131,7.64,15
1772683200000,1772697599999,2026-03-05T04:00:00+00:00,2026-03-05T07:59:59.999000+00:00,@265,4h,76.826,76.826,73.651,75.47,36.1,68
1772697600000,1772711999999,2026-03-05T08:00:00+00:00,2026-03-05T11:59:59.999000+00:00,@265,4h,75.268,76.537,75.268,76.056,13.73,21
1772712000000,1772726399999,2026-03-05T12:00:00+00:00,2026-03-05T15:59:59.999000+00:00,@265,4h,76.056,76.056,74.19,74.19,21.55,39
1772726400000,1772740799999,2026-03-05T16:00:00+00:00,2026-03-05T19:59:59.999000+00:00,@265,4h,74.19,74.19,73.941,74.18,3.75,6
1772740800000,1772755199999,2026-03-05T20:00:00+00:00,2026-03-05T23:59:59.999000+00:00,@265,4h,74.18,75.206,74.18,75.206,6.63,14
1772755200000,1772769599999,2026-03-06T00:00:00+00:00,2026-03-06T03:59:59.999000+00:00,@265,4h,74.966,76.042,74.446,76.042,18.01,33
1772769600000,1772783999999,2026-03-06T04:00:00+00:00,2026-03-06T07:59:59.999000+00:00,@265,4h,76.042,76.042,76.042,76.042,0.0,0
1772784000000,1772798399999,2026-03-06T08:00:00+00:00,2026-03-06T11:59:59.999000+00:00,@265,4h,76.042,76.294,74.699,74.699,14.0,33
1772798400000,1772812799999,2026-03-06T12:00:00+00:00,2026-03-06T15:59:59.999000+00:00,@265,4h,74.46,76.788,74.46,76.748,25.81,54
1772812800000,1772827199999,2026-03-06T16:00:00+00:00,2026-03-06T19:59:59.999000+00:00,@265,4h,76.813,76.813,76.005,76.524,6.34,15
1772827200000,1772841599999,2026-03-06T20:00:00+00:00,2026-03-06T23:59:59.999000+00:00,@265,4h,76.524,76.751,75.995,76.555,6.43,18
1772841600000,1772855999999,2026-03-07T00:00:00+00:00,2026-03-07T03:59:59.999000+00:00,@265,4h,76.555,76.555,76.555,76.555,0.85,6
1772856000000,1772870399999,2026-03-07T04:00:00+00:00,2026-03-07T07:59:59.999000+00:00,@265,4h,76.555,76.555,76.555,76.555,0.69,4
1772870400000,1772884799999,2026-03-07T08:00:00+00:00,2026-03-07T11:59:59.999000+00:00,@265,4h,76.555,76.555,76.555,76.555,0.0,0
1772884800000,1772899199999,2026-03-07T12:00:00+00:00,2026-03-07T15:59:59.999000+00:00,@265,4h,76.304,76.304,76.304,76.304,0.54,1
1772899200000,1772913599999,2026-03-07T16:00:00+00:00,2026-03-07T19:59:59.999000+00:00,@265,4h,76.304,76.304,76.304,76.304,0.68,2
1772913600000,1772927999999,2026-03-07T20:00:00+00:00,2026-03-07T23:59:59.999000+00:00,@265,4h,76.499,76.499,76.499,76.499,0.16,1
1772928000000,1772942399999,2026-03-08T00:00:00+00:00,2026-03-08T03:59:59.999000+00:00,@265,4h,76.304,76.304,76.032,76.032,0.14,2
1772942400000,1772956799999,2026-03-08T04:00:00+00:00,2026-03-08T07:59:59.999000+00:00,@265,4h,76.178,76.178,76.032,76.095,0.72,5
1772956800000,1772971199999,2026-03-08T08:00:00+00:00,2026-03-08T11:59:59.999000+00:00,@265,4h,76.095,76.218,76.095,76.105,0.7,5
1772971200000,1772985599999,2026-03-08T12:00:00+00:00,2026-03-08T15:59:59.999000+00:00,@265,4h,76.138,76.148,76.032,76.148,0.84,6
1772985600000,1772999999999,2026-03-08T16:00:00+00:00,2026-03-08T19:59:59.999000+00:00,@265,4h,76.109,76.56,76.032,76.28,0.97,6
1773000000000,1773014399999,2026-03-08T20:00:00+00:00,2026-03-08T23:59:59.999000+00:00,@265,4h,76.28,76.28,73.943,74.12,29.7,39
1773014400000,1773028799999,2026-03-09T00:00:00+00:00,2026-03-09T03:59:59.999000+00:00,@265,4h,74.41,75.272,72.932,75.272,23.2,39
1773028800000,1773043199999,2026-03-09T04:00:00+00:00,2026-03-09T07:59:59.999000+00:00,@265,4h,75.272,76.534,75.272,75.579,16.11,26
1773043200000,1773057599999,2026-03-09T08:00:00+00:00,2026-03-09T11:59:59.999000+00:00,@265,4h,75.741,76.24,75.333,75.446,14.48,26
1773057600000,1773071999999,2026-03-09T12:00:00+00:00,2026-03-09T15:59:59.999000+00:00,@265,4h,75.446,76.51,74.978,76.253,41.92,55
1773072000000,1773086399999,2026-03-09T16:00:00+00:00,2026-03-09T19:59:59.999000+00:00,@265,4h,76.253,78.221,76.089,78.221,17.37,43
1773086400000,1773100799999,2026-03-09T20:00:00+00:00,2026-03-09T23:59:59.999000+00:00,@265,4h,78.221,79.69,78.221,79.69,8.87,21
1773100800000,1773115199999,2026-03-10T00:00:00+00:00,2026-03-10T03:59:59.999000+00:00,@265,4h,79.083,80.863,78.785,79.605,21.74,44
1773115200000,1773129599999,2026-03-10T04:00:00+00:00,2026-03-10T07:59:59.999000+00:00,@265,4h,79.605,80.343,79.605,80.06,3.49,13
1773129600000,1773143999999,2026-03-10T08:00:00+00:00,2026-03-10T11:59:59.999000+00:00,@265,4h,80.343,80.632,79.874,80.076,7.87,23
1773144000000,1773158399999,2026-03-10T12:00:00+00:00,2026-03-10T15:59:59.999000+00:00,@265,4h,80.287,80.873,80.02,80.873,11.04,27
1773158400000,1773172799999,2026-03-10T16:00:00+00:00,2026-03-10T19:59:59.999000+00:00,@265,4h,80.464,80.464,79.076,80.024,14.01,25
1773172800000,1773187199999,2026-03-10T20:00:00+00:00,2026-03-10T23:59:59.999000+00:00,@265,4h,80.024,80.333,79.821,79.821,0.39,3
1773187200000,1773201599999,2026-03-11T00:00:00+00:00,2026-03-11T03:59:59.999000+00:00,@265,4h,79.781,80.604,79.781,79.948,8.03,14
1773201600000,1773215999999,2026-03-11T04:00:00+00:00,2026-03-11T07:59:59.999000+00:00,@265,4h,79.948,79.948,78.785,78.785,4.59,15
1773216000000,1773230399999,2026-03-11T08:00:00+00:00,2026-03-11T11:59:59.999000+00:00,@265,4h,78.494,78.494,78.256,78.256,4.17,6
1773230400000,1773244799999,2026-03-11T12:00:00+00:00,2026-03-11T15:59:59.999000+00:00,@265,4h,77.946,77.946,77.156,77.156,7.86,12
1773244800000,1773259199999,2026-03-11T16:00:00+00:00,2026-03-11T19:59:59.999000+00:00,@265,4h,77.156,77.567,76.861,77.567,5.62,11
1773259200000,1773273599999,2026-03-11T20:00:00+00:00,2026-03-11T23:59:59.999000+00:00,@265,4h,76.891,76.891,76.891,76.891,2.07,3
1773273600000,1773287999999,2026-03-12T00:00:00+00:00,2026-03-12T03:59:59.999000+00:00,@265,4h,76.611,77.302,76.358,77.302,9.97,14
1773288000000,1773302399999,2026-03-12T04:00:00+00:00,2026-03-12T07:59:59.999000+00:00,@265,4h,77.302,78.336,77.302,78.336,6.35,13
1773302400000,1773316799999,2026-03-12T08:00:00+00:00,2026-03-12T11:59:59.999000+00:00,@265,4h,78.336,78.631,78.336,78.631,1.86,3
1773316800000,1773331199999,2026-03-12T12:00:00+00:00,2026-03-12T15:59:59.999000+00:00,@265,4h,78.017,78.017,76.938,76.938,10.19,14
1773331200000,1773345599999,2026-03-12T16:00:00+00:00,2026-03-12T19:59:59.999000+00:00,@265,4h,76.938,76.938,76.938,76.938,0.0,0
1773345600000,1773359999999,2026-03-12T20:00:00+00:00,2026-03-12T23:59:59.999000+00:00,@265,4h,76.938,76.938,75.819,75.819,6.15,10
1773360000000,1773374399999,2026-03-13T00:00:00+00:00,2026-03-13T03:59:59.999000+00:00,@265,4h,76.41,76.944,76.398,76.398,7.59,10
1773374400000,1773388799999,2026-03-13T04:00:00+00:00,2026-03-13T07:59:59.999000+00:00,@265,4h,76.398,76.398,74.762,74.762,11.32,20
1773388800000,1773403199999,2026-03-13T08:00:00+00:00,2026-03-13T11:59:59.999000+00:00,@265,4h,74.481,75.625,74.481,75.625,9.46,14
1773403200000,1773417599999,2026-03-13T12:00:00+00:00,2026-03-13T15:59:59.999000+00:00,@265,4h,75.625,76.161,73.185,73.345,27.82,47
1773417600000,1773431999999,2026-03-13T16:00:00+00:00,2026-03-13T19:59:59.999000+00:00,@265,4h,72.932,73.625,72.7,72.968,7.92,14
1773432000000,1773446399999,2026-03-13T20:00:00+00:00,2026-03-13T23:59:59.999000+00:00,@265,4h,72.968,72.968,72.968,72.968,0.0,0
1773446400000,1773460799999,2026-03-14T00:00:00+00:00,2026-03-14T03:59:59.999000+00:00,@265,4h,72.981,72.981,72.981,72.981,0.93,1
1773460800000,1773475199999,2026-03-14T04:00:00+00:00,2026-03-14T07:59:59.999000+00:00,@265,4h,72.981,72.981,72.981,72.981,0.0,0
1773475200000,1773489599999,2026-03-14T08:00:00+00:00,2026-03-14T11:59:59.999000+00:00,@265,4h,72.981,72.981,72.981,72.981,0.0,0
1773489600000,1773503999999,2026-03-14T12:00:00+00:00,2026-03-14T15:59:59.999000+00:00,@265,4h,72.981,72.981,72.981,72.981,0.0,0
1773504000000,1773518399999,2026-03-14T16:00:00+00:00,2026-03-14T19:59:59.999000+00:00,@265,4h,72.981,72.981,72.981,72.981,0.0,0
1773518400000,1773532799999,2026-03-14T20:00:00+00:00,2026-03-14T23:59:59.999000+00:00,@265,4h,72.981,72.981,72.981,72.981,0.0,0
1773532800000,1773547199999,2026-03-15T00:00:00+00:00,2026-03-15T03:59:59.999000+00:00,@265,4h,72.981,72.981,72.981,72.981,0.0,0
1773547200000,1773561599999,2026-03-15T04:00:00+00:00,2026-03-15T07:59:59.999000+00:00,@265,4h,72.981,72.981,72.981,72.981,0.0,0
1773561600000,1773575999999,2026-03-15T08:00:00+00:00,2026-03-15T11:59:59.999000+00:00,@265,4h,73.273,73.313,72.752,72.752,0.72,7
1773576000000,1773590399999,2026-03-15T12:00:00+00:00,2026-03-15T15:59:59.999000+00:00,@265,4h,73.067,73.067,73.067,73.067,0.51,1
1773590400000,1773604799999,2026-03-15T16:00:00+00:00,2026-03-15T19:59:59.999000+00:00,@265,4h,72.7,72.7,72.42,72.42,0.9,2
1773604800000,1773619199999,2026-03-15T20:00:00+00:00,2026-03-15T23:59:59.999000+00:00,@265,4h,72.42,72.42,71.963,72.245,8.81,18
1773619200000,1773633599999,2026-03-16T00:00:00+00:00,2026-03-16T03:59:59.999000+00:00,@265,4h,72.528,73.625,71.705,72.561,34.93,57
1773633600000,1773647999999,2026-03-16T04:00:00+00:00,2026-03-16T07:59:59.999000+00:00,@265,4h,72.561,72.882,71.748,71.97,29.1,47
1773648000000,1773662399999,2026-03-16T08:00:00+00:00,2026-03-16T11:59:59.999000+00:00,@265,4h,71.97,71.97,70.221,71.623,25.8,49
1773662400000,1773676799999,2026-03-16T12:00:00+00:00,2026-03-16T15:59:59.999000+00:00,@265,4h,71.623,73.596,71.623,72.809,28.06,45
1773676800000,1773691199999,2026-03-16T16:00:00+00:00,2026-03-16T19:59:59.999000+00:00,@265,4h,72.809,73.41,72.249,73.038,23.9,35
1773691200000,1773705599999,2026-03-16T20:00:00+00:00,2026-03-16T23:59:59.999000+00:00,@265,4h,73.038,73.038,73.038,73.038,0.0,0
1773705600000,1773719999999,2026-03-17T00:00:00+00:00,2026-03-17T03:59:59.999000+00:00,@265,4h,72.975,73.331,72.704,73.331,9.7,15
1773720000000,1773734399999,2026-03-17T04:00:00+00:00,2026-03-17T07:59:59.999000+00:00,@265,4h,73.331,74.18,73.183,73.357,11.9,20
1773734400000,1773748799999,2026-03-17T08:00:00+00:00,2026-03-17T11:59:59.999000+00:00,@265,4h,73.3,73.3,72.715,72.813,11.27,15
1773748800000,1773763199999,2026-03-17T12:00:00+00:00,2026-03-17T15:59:59.999000+00:00,@265,4h,72.747,73.357,71.258,71.513,21.25,39
1773763200000,1773777599999,2026-03-17T16:00:00+00:00,2026-03-17T19:59:59.999000+00:00,@265,4h,71.568,72.333,71.568,72.058,7.03,13
1773777600000,1773791999999,2026-03-17T20:00:00+00:00,2026-03-17T23:59:59.999000+00:00,@265,4h,72.058,72.058,71.796,71.796,2.2,5
1773792000000,1773806399999,2026-03-18T00:00:00+00:00,2026-03-18T03:59:59.999000+00:00,@265,4h,72.069,72.255,71.181,71.181,10.1,21
1773806400000,1773820799999,2026-03-18T04:00:00+00:00,2026-03-18T07:59:59.999000+00:00,@265,4h,71.281,72.333,71.279,72.05,13.55,26
1773820800000,1773835199999,2026-03-18T08:00:00+00:00,2026-03-18T11:59:59.999000+00:00,@265,4h,72.05,72.096,71.248,71.248,7.9,14
1773835200000,1773849599999,2026-03-18T12:00:00+00:00,2026-03-18T15:59:59.999000+00:00,@265,4h,71.024,71.024,68.948,69.449,38.78,59
1773849600000,1773863999999,2026-03-18T16:00:00+00:00,2026-03-18T19:59:59.999000+00:00,@265,4h,69.449,69.449,69.205,69.205,2.25,4
1773864000000,1773878399999,2026-03-18T20:00:00+00:00,2026-03-18T23:59:59.999000+00:00,@265,4h,68.948,68.948,68.269,68.781,10.45,19
1773878400000,1773892799999,2026-03-19T00:00:00+00:00,2026-03-19T03:59:59.999000+00:00,@265,4h,69.05,69.174,68.787,69.174,10.29,17
1773892800000,1773907199999,2026-03-19T04:00:00+00:00,2026-03-19T07:59:59.999000+00:00,@265,4h,69.053,69.053,64.764,64.764,92.45,103
1773907200000,1773921599999,2026-03-19T08:00:00+00:00,2026-03-19T11:59:59.999000+00:00,@265,4h,64.764,66.095,63.831,64.282,99.9,133
1773921600000,1773935999999,2026-03-19T12:00:00+00:00,2026-03-19T15:59:59.999000+00:00,@265,4h,64.045,64.202,60.255,63.509,134.19,223
1773936000000,1773950399999,2026-03-19T16:00:00+00:00,2026-03-19T19:59:59.999000+00:00,@265,4h,63.739,65.634,63.495,65.634,36.62,83
1773950400000,1773964799999,2026-03-19T20:00:00+00:00,2026-03-19T23:59:59.999000+00:00,@265,4h,65.634,66.095,65.532,65.532,8.13,21
1773964800000,1773979199999,2026-03-20T00:00:00+00:00,2026-03-20T03:59:59.999000+00:00,@265,4h,65.61,67.549,65.61,67.323,24.56,64
1773979200000,1773993599999,2026-03-20T04:00:00+00:00,2026-03-20T07:59:59.999000+00:00,@265,4h,66.868,66.868,64.862,65.952,24.25,49
1773993600000,1774007999999,2026-03-20T08:00:00+00:00,2026-03-20T11:59:59.999000+00:00,@265,4h,65.952,66.632,65.098,65.424,21.34,47
1774008000000,1774022399999,2026-03-20T12:00:00+00:00,2026-03-20T15:59:59.999000+00:00,@265,4h,65.424,65.424,62.409,62.409,58.47,109
1774022400000,1774036799999,2026-03-20T16:00:00+00:00,2026-03-20T19:59:59.999000+00:00,@265,4h,62.782,63.458,61.543,61.543,25.78,52
1774036800000,1774051199999,2026-03-20T20:00:00+00:00,2026-03-20T23:59:59.999000+00:00,@265,4h,61.543,61.543,61.543,61.543,0.0,0
1774051200000,1774065599999,2026-03-21T00:00:00+00:00,2026-03-21T03:59:59.999000+00:00,@265,4h,61.543,61.543,61.543,61.543,0.0,0
1774065600000,1774079999999,2026-03-21T04:00:00+00:00,2026-03-21T07:59:59.999000+00:00,@265,4h,61.744,61.744,61.744,61.744,1.32,4
1774080000000,1774094399999,2026-03-21T08:00:00+00:00,2026-03-21T11:59:59.999000+00:00,@265,4h,61.744,61.744,61.744,61.744,0.0,0
1774094400000,1774108799999,2026-03-21T12:00:00+00:00,2026-03-21T15:59:59.999000+00:00,@265,4h,61.744,61.744,61.744,61.744,0.0,0
1774108800000,1774123199999,2026-03-21T16:00:00+00:00,2026-03-21T19:59:59.999000+00:00,@265,4h,61.744,61.744,61.744,61.744,0.0,0
1774123200000,1774137599999,2026-03-21T20:00:00+00:00,2026-03-21T23:59:59.999000+00:00,@265,4h,61.744,61.744,61.744,61.744,0.0,0
1774137600000,1774151999999,2026-03-22T00:00:00+00:00,2026-03-22T03:59:59.999000+00:00,@265,4h,61.744,61.744,61.744,61.744,0.0,0
1774152000000,1774166399999,2026-03-22T04:00:00+00:00,2026-03-22T07:59:59.999000+00:00,@265,4h,61.744,61.744,61.744,61.744,0.0,0
1774166400000,1774180799999,2026-03-22T08:00:00+00:00,2026-03-22T11:59:59.999000+00:00,@265,4h,61.744,61.744,61.744,61.744,0.0,0
1774180800000,1774195199999,2026-03-22T12:00:00+00:00,2026-03-22T15:59:59.999000+00:00,@265,4h,61.321,61.321,61.321,61.321,1.94,2
1774195200000,1774209599999,2026-03-22T16:00:00+00:00,2026-03-22T19:59:59.999000+00:00,@265,4h,61.321,61.321,61.321,61.321,0.0,0
1774209600000,1774223999999,2026-03-22T20:00:00+00:00,2026-03-22T23:59:59.999000+00:00,@265,4h,61.321,62.604,60.924,61.554,36.58,64
1774224000000,1774238399999,2026-03-23T00:00:00+00:00,2026-03-23T03:59:59.999000+00:00,@265,4h,61.554,61.554,58.903,58.903,79.19,152
1774238400000,1774252799999,2026-03-23T04:00:00+00:00,2026-03-23T07:59:59.999000+00:00,@265,4h,59.222,60.024,55.481,57.454,91.92,181
1774252800000,1774267199999,2026-03-23T08:00:00+00:00,2026-03-23T11:59:59.999000+00:00,@265,4h,57.682,62.604,57.466,60.52,108.33,175
1774267200000,1774281599999,2026-03-23T12:00:00+00:00,2026-03-23T15:59:59.999000+00:00,@265,4h,61.099,63.903,61.099,61.391,83.15,145
1774281600000,1774295999999,2026-03-23T16:00:00+00:00,2026-03-23T19:59:59.999000+00:00,@265,4h,61.651,63.182,61.651,62.635,19.73,50
1774296000000,1774310399999,2026-03-23T20:00:00+00:00,2026-03-23T23:59:59.999000+00:00,@265,4h,62.837,63.353,62.194,62.728,23.28,43
1774310400000,1774324799999,2026-03-24T00:00:00+00:00,2026-03-24T03:59:59.999000+00:00,@265,4h,62.194,62.194,60.298,60.5,33.02,56
1774324800000,1774339199999,2026-03-24T04:00:00+00:00,2026-03-24T07:59:59.999000+00:00,@265,4h,60.5,63.177,59.725,63.177,34.27,62
1774339200000,1774353599999,2026-03-24T08:00:00+00:00,2026-03-24T11:59:59.999000+00:00,@265,4h,62.95,63.417,62.245,63.205,31.43,81
1774353600000,1774367999999,2026-03-24T12:00:00+00:00,2026-03-24T15:59:59.999000+00:00,@265,4h,62.875,63.205,61.144,63.205,45.44,67
1774368000000,1774382399999,2026-03-24T16:00:00+00:00,2026-03-24T19:59:59.999000+00:00,@265,4h,62.961,63.224,62.531,63.224,22.25,29
1774382400000,1774396799999,2026-03-24T20:00:00+00:00,2026-03-24T23:59:59.999000+00:00,@265,4h,63.224,65.712,63.224,65.712,27.03,61
1774396800000,1774411199999,2026-03-25T00:00:00+00:00,2026-03-25T03:59:59.999000+00:00,@265,4h,65.712,67.108,65.712,66.603,16.24,26
1774411200000,1774425599999,2026-03-25T04:00:00+00:00,2026-03-25T07:59:59.999000+00:00,@265,4h,66.377,66.422,65.945,66.422,5.56,9
1774425600000,1774439999999,2026-03-25T08:00:00+00:00,2026-03-25T11:59:59.999000+00:00,@265,4h,66.454,66.454,65.443,65.993,10.73,20
1774440000000,1774454399999,2026-03-25T12:00:00+00:00,2026-03-25T15:59:59.999000+00:00,@265,4h,65.645,65.994,65.218,65.787,12.93,19
1774454400000,1774468799999,2026-03-25T16:00:00+00:00,2026-03-25T19:59:59.999000+00:00,@265,4h,65.179,65.179,64.972,64.972,3.67,7
1774468800000,1774483199999,2026-03-25T20:00:00+00:00,2026-03-25T23:59:59.999000+00:00,@265,4h,64.764,64.764,64.086,64.086,7.56,14
1774483200000,1774497599999,2026-03-26T00:00:00+00:00,2026-03-26T03:59:59.999000+00:00,@265,4h,64.679,64.936,64.679,64.936,3.78,5
1774497600000,1774511999999,2026-03-26T04:00:00+00:00,2026-03-26T07:59:59.999000+00:00,@265,4h,64.283,64.283,62.331,63.073,52.15,47
1774512000000,1774526399999,2026-03-26T08:00:00+00:00,2026-03-26T11:59:59.999000+00:00,@265,4h,62.579,62.579,60.758,60.758,16.85,27
1774526400000,1774540799999,2026-03-26T12:00:00+00:00,2026-03-26T15:59:59.999000+00:00,@265,4h,61.337,62.866,61.337,62.275,16.13,29
1774540800000,1774555199999,2026-03-26T16:00:00+00:00,2026-03-26T19:59:59.999000+00:00,@265,4h,62.032,62.032,60.758,61.09,15.59,28
1774555200000,1774569599999,2026-03-26T20:00:00+00:00,2026-03-26T23:59:59.999000+00:00,@265,4h,61.305,62.225,61.305,62.225,11.58,14
1774569600000,1774583999999,2026-03-27T00:00:00+00:00,2026-03-27T03:59:59.999000+00:00,@265,4h,61.814,62.656,61.594,62.656,11.52,20
1774584000000,1774598399999,2026-03-27T04:00:00+00:00,2026-03-27T07:59:59.999000+00:00,@265,4h,62.866,63.324,62.866,63.324,3.85,7
1774598400000,1774612799999,2026-03-27T08:00:00+00:00,2026-03-27T11:59:59.999000+00:00,@265,4h,62.905,62.905,61.59,61.59,11.93,24
1774612800000,1774627199999,2026-03-27T12:00:00+00:00,2026-03-27T15:59:59.999000+00:00,@265,4h,61.59,64.446,61.4,64.446,29.2,56
1774627200000,1774641599999,2026-03-27T16:00:00+00:00,2026-03-27T19:59:59.999000+00:00,@265,4h,63.9,64.129,63.286,63.286,8.1,17
1774641600000,1774655999999,2026-03-27T20:00:00+00:00,2026-03-27T23:59:59.999000+00:00,@265,4h,63.424,63.464,63.047,63.047,4.18,3
1774656000000,1774670399999,2026-03-28T00:00:00+00:00,2026-03-28T03:59:59.999000+00:00,@265,4h,63.047,63.047,63.047,63.047,0.0,0
1774670400000,1774684799999,2026-03-28T04:00:00+00:00,2026-03-28T07:59:59.999000+00:00,@265,4h,63.047,63.047,63.047,63.047,0.0,0
1774684800000,1774699199999,2026-03-28T08:00:00+00:00,2026-03-28T11:59:59.999000+00:00,@265,4h,63.047,63.047,63.047,63.047,0.0,0
1774699200000,1774713599999,2026-03-28T12:00:00+00:00,2026-03-28T15:59:59.999000+00:00,@265,4h,63.047,63.047,63.047,63.047,0.0,0
1774713600000,1774727999999,2026-03-28T16:00:00+00:00,2026-03-28T19:59:59.999000+00:00,@265,4h,63.41,63.41,63.41,63.41,0.01,1
1774728000000,1774742399999,2026-03-28T20:00:00+00:00,2026-03-28T23:59:59.999000+00:00,@265,4h,63.243,63.243,63.047,63.047,1.84,5
1774742400000,1774756799999,2026-03-29T00:00:00+00:00,2026-03-29T03:59:59.999000+00:00,@265,4h,63.047,63.047,63.047,63.047,0.0,0
1774756800000,1774771199999,2026-03-29T04:00:00+00:00,2026-03-29T07:59:59.999000+00:00,@265,4h,63.047,63.047,63.047,63.047,0.0,0
1774771200000,1774785599999,2026-03-29T08:00:00+00:00,2026-03-29T11:59:59.999000+00:00,@265,4h,63.047,63.047,63.047,63.047,0.0,0
1774785600000,1774799999999,2026-03-29T12:00:00+00:00,2026-03-29T15:59:59.999000+00:00,@265,4h,63.047,63.047,63.047,63.047,0.0,0
1774800000000,1774814399999,2026-03-29T16:00:00+00:00,2026-03-29T19:59:59.999000+00:00,@265,4h,63.047,63.047,63.047,63.047,1.22,3
1774814400000,1774828799999,2026-03-29T20:00:00+00:00,2026-03-29T23:59:59.999000+00:00,@265,4h,62.832,62.832,61.372,61.372,15.27,23
1774828800000,1774843199999,2026-03-30T00:00:00+00:00,2026-03-30T03:59:59.999000+00:00,@265,4h,62.063,63.556,62.063,63.556,15.37,28
1774843200000,1774857599999,2026-03-30T04:00:00+00:00,2026-03-30T07:59:59.999000+00:00,@265,4h,63.784,63.784,63.784,63.784,1.66,2
1774857600000,1774871999999,2026-03-30T08:00:00+00:00,2026-03-30T11:59:59.999000+00:00,@265,4h,63.784,64.259,63.784,64.259,4.49,4
1774872000000,1774886399999,2026-03-30T12:00:00+00:00,2026-03-30T15:59:59.999000+00:00,@265,4h,64.481,64.481,63.69,63.69,6.28,9
1774886400000,1774900799999,2026-03-30T16:00:00+00:00,2026-03-30T19:59:59.999000+00:00,@265,4h,63.497,63.497,63.497,63.497,2.05,3
1774900800000,1774915199999,2026-03-30T20:00:00+00:00,2026-03-30T23:59:59.999000+00:00,@265,4h,63.281,63.281,63.089,63.089,2.47,7
1774915200000,1774929599999,2026-03-31T00:00:00+00:00,2026-03-31T03:59:59.999000+00:00,@265,4h,63.089,66.232,62.656,65.254,35.03,67
1774929600000,1774943999999,2026-03-31T04:00:00+00:00,2026-03-31T07:59:59.999000+00:00,@265,4h,65.254,65.254,65.254,65.254,0.0,0
1774944000000,1774958399999,2026-03-31T08:00:00+00:00,2026-03-31T11:59:59.999000+00:00,@265,4h,65.787,66.431,65.787,66.431,6.47,8
1774958400000,1774972799999,2026-03-31T12:00:00+00:00,2026-03-31T15:59:59.999000+00:00,@265,4h,66.454,66.676,66.454,66.676,2.24,8
